{"OpenedDocuments":"[\"OpenWebAgendaKU.xaml\",\"Main.xaml\"]","ProjectBreakpoints":"{\"Value\":{\"Framework/SQLPemindahbukuanDK.xaml\":[{\"ConditionalExpression\":null,\"ActionExpression\":null,\"ExpectedHitCounter\":null,\"ShouldContinueAfterAction\":false,\"IsTransient\":false,\"IsEnabled\":true,\"Id\":\"a80689ba-1021-452d-96ba-819a50bebdd6\",\"ActivityIdRef\":\"ExecuteQuery_3\",\"ActivityId\":\"1.164\",\"ActivityName\":\"Execute Query\"},{\"ConditionalExpression\":null,\"ActionExpression\":null,\"ExpectedHitCounter\":null,\"ShouldContinueAfterAction\":false,\"IsTransient\":false,\"IsEnabled\":true,\"Id\":\"7ab90662-6cb5-40d1-8bff-a4e4c5cc2c77\",\"ActivityIdRef\":\"If_32\",\"ActivityId\":\"1.31\",\"ActivityName\":\"If\"}]}}","ProjectWatches":"{\"Value\":[]}","LibraryProjectSettings":"{\"IncludeSourcesByDefault\":true,\"CompileExpressions\":true,\"ReadyToRun\":false,\"DefaultActivitiesRootCategories\":[null]}"}